{
  "target_tplus1": {
    "MAE": 0.821201216644157,
    "MSE": 7.339206864268207,
    "RMSE": 2.709097057004087,
    "R2": 0.9724109610345562
  },
  "target_tplus2": {
    "MAE": 4.743256371596128,
    "MSE": 62.745089821198896,
    "RMSE": 7.9211798250764955,
    "R2": 0.7642271498896037
  },
  "target_tplus3": {
    "MAE": 6.7105186932790195,
    "MSE": 106.0737606817939,
    "RMSE": 10.299211653412794,
    "R2": 0.6015525864319349
  },
  "target_tplus4": {
    "MAE": 7.814372818106926,
    "MSE": 130.72596204693681,
    "RMSE": 11.433545471415977,
    "R2": 0.5089995575413402
  },
  "target_tplus5": {
    "MAE": 8.578587058434866,
    "MSE": 147.609250366826,
    "RMSE": 12.149454735370883,
    "R2": 0.4455057174382069
  },
  "target_tplus6": {
    "MAE": 9.2723018589442,
    "MSE": 163.22721560806633,
    "RMSE": 12.776040685911513,
    "R2": 0.3864698443706077
  },
  "overall": {
    "MAE": 6.3233730028342165,
    "MSE": 102.95341423151501,
    "RMSE": 10.146596189437865,
    "R2": 0.6131668296570879
  }
}